ab,v1,v2,s,f,q,df,v,as,r,v4,hh,fd,des,ss,gt,ax,az,aw,vb,nu,nr,fe,se,po,ol,hu,v0,v12,predicted
-0.644269442,1.417963545,-1.42365,-0.492199018,0.948934095,0.42391,1.120631358,-3.807864239,0.615374731,1.249376178,-0.619467796,0.291474353,1.757964214,-1.32386522,0.686132504,-0.076126999,-1.222127345,-0.35822157,0.324504731,-0.156741852,1.94346534,-1.01545471,0.05750353,-0.649709006,-0.415266566,-0.051634297,-1.206921081,-1.085339188,40.8,Legitimate
-0.644269442,1.417963545,1.08982,-0.492199018,0.948934095,0.428118463,1.120631358,-3.807864239,0.615374731,1.249376178,-0.619467796,0.291474353,1.757964214,-1.32386522,0.686132504,-0.076126999,-1.222127345,-0.35822157,0.324504731,-0.156741852,1.94346534,-1.01545471,0.05750353,-0.649709006,-0.415266566,-0.051634297,-1.206921081,-1.085339188,40.8,Legitimate
